Activity ID,Activity Date,Activity Name,Activity Type,Activity Description,Elapsed Time,Distance,Max Heart Rate,Relative Effort,Commute,Activity Gear,Filename,Athlete Weight,Bike Weight,Elapsed Time,Moving Time,Distance,Max Speed,Average Speed,Elevation Gain,Elevation Loss,Elevation Low,Elevation High,Max Grade,Average Grade,Average Positive Grade,Average Negative Grade,Max Cadence,Average Cadence,Max Heart Rate,Average Heart Rate,Max Watts,Average Watts,Calories,Max Temperature,Average Temperature,Relative Effort,Total Work,Number of Runs,Uphill Time,Downhill Time,Other Time,Perceived Exertion,"<span class=""translation_missing"" title=""translation missing: en-US.lib.export.portability_exporter.activities.horton_values.type"">Type</span>","<span class=""translation_missing"" title=""translation missing: en-US.lib.export.portability_exporter.activities.horton_values.start_time"">Start Time</span>",Weighted Average Power,Power Count,Prefer Perceived Exertion,Perceived Relative Effort,Commute,Total Weight Lifted,From Upload,Grade Adjusted Distance,Weather Observation Time,Weather Condition,Weather Temperature,Apparent Temperature,Dewpoint,Humidity,Weather Pressure,Wind Speed,Wind Gust,Wind Bearing,Precipitation Intensity,Sunrise Time,Sunset Time,Moon Phase,Bike,Gear,Precipitation Probability,Precipitation Type,Cloud Cover,Weather Visibility,UV Index,Weather Ozone,"<span class=""translation_missing"" title=""translation missing: en-US.lib.export.portability_exporter.activities.horton_values.jump_count"">Jump Count</span>","<span class=""translation_missing"" title=""translation missing: en-US.lib.export.portability_exporter.activities.horton_values.total_grit"">Total Grit</span>","<span class=""translation_missing"" title=""translation missing: en-US.lib.export.portability_exporter.activities.horton_values.avg_flow"">Avg Flow</span>","<span class=""translation_missing"" title=""translation missing: en-US.lib.export.portability_exporter.activities.horton_values.flagged"">Flagged</span>","<span class=""translation_missing"" title=""translation missing: en-US.lib.export.portability_exporter.activities.horton_values.avg_elapsed_speed"">Avg Elapsed Speed</span>","<span class=""translation_missing"" title=""translation missing: en-US.lib.export.portability_exporter.activities.horton_values.dirt_distance"">Dirt Distance</span>","<span class=""translation_missing"" title=""translation missing: en-US.lib.export.portability_exporter.activities.horton_values.newly_explored_distance"">Newly Explored Distance</span>","<span class=""translation_missing"" title=""translation missing: en-US.lib.export.portability_exporter.activities.horton_values.newly_explored_dirt_distance"">Newly Explored Dirt Distance</span>","<span class=""translation_missing"" title=""translation missing: en-US.lib.export.portability_exporter.activities.horton_values.sport_type"">Sport Type</span>"
2615850844,"Aug 13, 2019, 4:06:35 PM",Morning Run,Run,,2473,7.27,,,false,,activities/2615850844.gpx,70.30680084228516,,2473.0,2232.0,7271.7001953125,4.699999809265137,,25.289304733276367,,22.700000762939453,35.599998474121094,12.399999618530273,-0.002750388579443097,,,,,,,,,0.0,,,,,,,,,,,,,,,,,,,,,,,,,,,,,,,,,,,,,,,,,,,,,,,,,,
2621826519,"Aug 15, 2019, 4:41:26 PM",Morning Run,Run,,2531,7.83,,,false,,activities/2621826519.gpx,70.30680084228516,,2531.0,2471.0,7829.7001953125,5.099999904632568,,27.164066314697266,,22.700000762939453,35.599998474121094,13.100000381469727,-0.0012771881883963943,,,,,,,,,0.0,,,,,,,,,,,,,,,,,,,,,,,,,,,,,,,,,,,,,,,,,,,,,,,,,,
2636363299,"Aug 20, 2019, 7:15:51 PM",Lunch Run,Run,,507,1.60,,,false,,activities/2636363299.gpx,70.30680084228516,,507.0,507.0,1602.199951171875,4.0,,4.086666584014893,,22.700000762939453,27.0,2.4000000953674316,0.006241417955607176,,,,,,,,,0.0,,,,,,,,,,,,,,,,,,,,,,,,,,,,,,,,,,,,,,,,,,,,,,,,,,
2638711324,"Aug 21, 2019, 3:57:29 PM",Morning Run,Run,,850,1.97,,,false,,activities/2638711324.gpx,70.30680084228516,,850.0,815.0,1975.300048828125,3.4000000953674316,,10.708333015441895,,56.29999923706055,65.0,9.300000190734863,0.13668809831142426,,,,,,,,,0.0,,,,,,,,,,,,,,,,,,,,,,,,,,,,,,,,,,,,,,,,,,,,,,,,,,
2642288535,"Aug 22, 2019, 6:24:58 PM",An + Jason,Run,,3153,8.19,,,false,,activities/2642288535.gpx,70.30680084228516,,3153.0,2822.0,8197.0,4.599999904632568,,30.217180252075195,,22.700000762939453,35.599998474121094,14.300000190734863,0.0,,,,,,,,,0.0,,,,,,,,,,,,,,,,,,,,,,,,,,,,,,,,,,,,,,,,,,,,,,,,,,
2659769433,"Aug 28, 2019, 6:04:23 PM",+ Vincent,Run,,1912,5.21,,,false,,activities/2659769433.gpx,70.30680084228516,,1912.0,1704.0,5210.5,4.199999809265137,,25.429166793823242,,56.29999923706055,65.19999694824219,4.300000190734863,-0.0019192015752196312,,,,,,,,,0.0,,,,,,,,,,,,,,,,,,,,,,,,,,,,,,,,,,,,,,,,,,,,,,,,,,
2662309889,"Aug 29, 2019, 5:03:19 PM",+ Vincent,Run,,464,1.61,,,false,,activities/2662309889.gpx,70.30680084228516,,464.0,451.0,1612.800048828125,5.5,,5.871428489685059,,28.399999618530273,35.400001525878906,4.400000095367432,-0.0372023805975914,,,,,,,,,0.0,,,,,,,,,,,,,,,,,,,,,,,,,,,,,,,,,,,,,,,,,,,,,,,,,,
2676594421,"Sep 3, 2019, 4:29:29 PM",Morning Run,Run,,1114,3.52,,,false,,activities/2676594421.gpx,70.30680084228516,,1114.0,1073.0,3526.699951171875,4.699999809265137,,12.740833282470703,,61.900001525878906,64.5,5.099999904632568,0.002835511928424239,,,,,,,,,0.0,,,,,,,,,,,,,,,,,,,,,,,,,,,,,,,,,,,,,,,,,,,,,,,,,,
2676636042,"Sep 3, 2019, 4:54:05 PM",Cool down ,Run,,659,1.41,,,false,,activities/2676636042.gpx,70.30680084228516,,659.0,659.0,1411.4000244140625,3.200000047683716,,2.566666603088379,,61.900001525878906,64.5,3.5,0.0,,,,,,,,,0.0,,,,,,,,,,,,,,,,,,,,,,,,,,,,,,,,,,,,,,,,,,,,,,,,,,
2679354226,"Sep 4, 2019, 3:01:00 PM",Morning Run,Run,,1469,4.83,,,false,,activities/2679354226.gpx,70.30680084228516,,1469.0,1469.0,4831.7001953125,4.400000095367432,,,,49.29999923706055,49.5,0.800000011920929,0.0020696648862212896,,,,,,,,,0.0,,,,,,,,,,,,,,,,,,,,,,,,,,,,,,,,,,,,,,,,,,,,,,,,,,
2696595979,"Sep 9, 2019, 8:05:01 PM",Afternoon Run,Run,,73972,7.27,,,false,,activities/2696595979.gpx,70.30680084228516,,73972.0,3252.0,7277.60009765625,4.199999809265137,,90.0275650024414,,92.0,211.1999969482422,18.399999618530273,-0.3778718113899231,,,,,,,,,0.0,,,,,,,,,,,,,,,,0.0,,,,,,,,,,,,,,,,,,,,,,,,,,,,,,,,,,
2699971173,"Sep 10, 2019, 5:11:26 PM",Morning Run,Run,,1919,5.50,,,false,,activities/2699971173.gpx,70.30680084228516,,1919.0,1781.0,5505.0,5.599999904632568,,75.21858978271484,,92.30000305175781,169.89999389648438,15.199999809265137,-0.007266121916472912,,,,,,,,,0.0,,,,,,,,,,,,,,,,0.0,,,,,,,,,,,,,,,,,,,,,,,,,,,,,,,,,,
2699971181,"Sep 11, 2019, 5:43:39 PM",Morning Run,Run,,2483,5.61,,,false,,activities/2699971181.gpx,70.30680084228516,,2483.0,2456.0,5615.7001953125,4.599999904632568,,73.36307525634766,,91.9000015258789,170.10000610351562,18.799999237060547,-0.04095660522580147,,,,,,,,,0.0,,,,,,,,,,,,,,,,0.0,,,,,,,,,,,,,,,,,,,,,,,,,,,,,,,,,,
3324519902,"Apr 20, 2020, 12:32:49 AM",Afternoon Run,Run,,7725,11.86,,,false,,activities/3324519902.gpx,70.30680084228516,,7725.0,4591.0,11865.099609375,4.699999809265137,2.584426164627075,198.02767944335938,197.5279998779297,22.700000762939453,210.1999969482422,13.300000190734863,0.004214039538055658,,,,,,,,,0.0,,,,,,,,,,,,,,,,0.0,,1.0,12386.099609375,,,,,,,,,,,,,,,,,,,,,,,,,,,,,,,
3328975480,"Apr 21, 2020, 2:01:41 AM",Evening Run,Run,,1955,3.91,,,false,,activities/3328975480.gpx,70.30680084228516,,1955.0,1138.0,3913.10009765625,5.699999809265137,3.4385764598846436,12.74848461151123,12.34850025177002,15.100000381469727,25.5,2.4000000953674316,0.010222074575722218,,,,,,,,,0.0,,,,,,,,,,,,,,,,0.0,,1.0,3922.10009765625,,,,,,,,,,,,,,,,,,,,,,,,,,,,,,,
3339069767,"Apr 23, 2020, 3:15:44 AM",Evening Run,Run,,601,1.81,,,false,,activities/3339069767.gpx,70.30680084228516,,601.0,528.0,1812.9000244140625,6.199999809265137,3.4335227012634277,10.015384674072266,1.715399980545044,15.100000381469727,25.399999618530273,3.0,0.4578299820423126,,,,,,,,,,,,,,,,,,,,,,,,,0.0,,1.0,1831.0999755859375,,,,,,,,,,,,,,,,,,,,,,,,,,,,,,,
3352879401,"Apr 25, 2020, 6:51:07 PM",Lunch Run,Run,,4857,11.72,,,false,,activities/3352879401.gpx,70.30680084228516,,4857.0,3963.0,11727.099609375,4.900000095367432,2.9591472148895264,197.5624237060547,197.86199951171875,22.700000762939453,209.8000030517578,39.79999923706055,-0.0025581771042197943,,,,,,,,,1059.2647705078125,,,,,,,,,,,,,,,,0.0,,1.0,12262.2001953125,,,,,,,,,,,,,,,,,,,,,,,,,,,,,,,
3366788843,"Apr 28, 2020, 3:42:52 PM",Neighborhood Stride ,Run,,4709,13.36,,,false,,activities/3366788843.gpx,70.30680084228516,,4709.0,4299.0,13363.7998046875,5.300000190734863,3.108583450317383,67.65314483642578,67.75309753417969,22.700000762939453,66.9000015258789,6.400000095367432,-0.0007482901564799249,,,,,,,,,1158.9266357421875,,,,,,,,,,,,,,,,0.0,,1.0,13415.900390625,,,,,,,,,,,,,,,,,,,,,,,,,,,,,,,
3376781922,"Apr 30, 2020, 2:03:53 AM",Golden Hour Hike,Hike,,1892,3.23,,,false,,activities/3376781922.gpx,,,1892.0,1328.0,3230.39990234375,5.099999904632568,2.432530164718628,145.2916717529297,144.7916717529297,64.4000015258789,210.39999389648438,12.600000381469727,0.01547795906662941,,,,,,,,,279.0566711425781,,,,,,,,,,,,,,,,0.0,,1.0,,,,,,,,,,,,,,,,,,,,,,,,,,,,,,,,
3377580922,"Apr 30, 2020, 10:54:41 PM",Double Digits ,Run,Nothing beats iced coffee + tea after a long run...,5922,16.18,,,false,,activities/3377580922.gpx,70.30680084228516,,5922.0,5420.0,16180.099609375,4.699999809265137,2.9852583408355713,86.71446228027344,86.41449737548828,22.700000762939453,84.9000015258789,6.099999904632568,0.0018541294848546386,,,,,,,,,1404.78564453125,,,,,,,,,,,,,,0.0,,0.0,,1.0,16262.0,,,,,,,,,,,,,,,,,,,,,,,,,,,,,,,
3382831688,"May 2, 2020, 1:56:43 AM",Evening Run,Run,,6496,14.26,,,false,,activities/3382831688.gpx,70.30680084228516,,6496.0,5872.0,14267.099609375,4.599999904632568,2.429683208465576,113.85466003417969,113.8550033569336,22.799999237060547,65.9000015258789,8.800000190734863,0.0,,,,,,,,,1242.8319091796875,,,,,,,,,,,,,,,,0.0,,1.0,14387.2001953125,,,,,,,,,,,,,,,,,,,,,,,,,,,,,,,
3388476269,"May 3, 2020, 2:30:04 AM",Night Jog,Run,,1997,6.02,,,false,,activities/3388476269.gpx,70.30680084228516,,1997.0,1870.0,6028.7998046875,5.099999904632568,3.2239573001861572,28.45998191833496,28.459999084472656,22.700000762939453,36.20000076293945,6.199999809265137,0.0,,,,,,,,,523.447265625,,,,,,,,,,,,,,,,0.0,,1.0,6059.5,,,,,,,,,,,,,,,,,,,,,,,,,,,,,,,
3394465231,"May 4, 2020, 12:19:41 AM",Jog,Run,,3652,8.92,,,false,,activities/3394465231.gpx,70.30680084228516,,3652.0,3143.0,8927.400390625,4.5,2.840407371520996,76.39720153808594,35.697200775146484,22.799999237060547,81.5,12.399999618530273,0.45589980483055115,,,,,,,,,784.4754638671875,,,,,,,,,,,,,,,,0.0,,1.0,9081.2001953125,,,,,,,,,,,,,,,,,,,,,,,,,,,,,,,
3396570219,"May 4, 2020, 1:30:42 AM",Evening Run,Run,,46312,6.81,,,false,,activities/3396570219.gpx,70.30680084228516,,46312.0,2651.0,6818.2001953125,3.799999952316284,2.5719351768493652,41.76660919189453,45.96659851074219,54.400001525878906,65.69999694824219,12.100000381469727,-0.06159983575344086,,,,,,,,,592.0625,,,,,,,,,,,,,,,,0.0,,1.0,6853.7998046875,,,,,,,,,,,,,,,,,,,,,,,,,,,,,,,
3411150810,"May 7, 2020, 2:26:24 AM",Evening Run,Run,,2222,6.63,,,false,,activities/3411150810.gpx,70.30680084228516,,2222.0,2042.0,6638.89990234375,5.400000095367432,3.2511754035949707,30.300350189208984,30.300399780273438,22.799999237060547,36.20000076293945,6.300000190734863,0.0,,,,,,,,,576.1159057617188,,,,,,,,,,,,,,,,0.0,,1.0,6669.2001953125,,,,,,,,,,,,,,,,,,,,,,,,,,,,,,,
3416581027,"May 8, 2020, 2:29:55 AM",Evening Run,Run,,3592,10.07,,,false,,activities/3416581027.gpx,70.30680084228516,,3592.0,3496.0,10078.2001953125,5.199999809265137,2.8827803134918213,60.00716781616211,60.007198333740234,22.799999237060547,64.30000305175781,6.400000095367432,0.0,,,,,,,,,875.5938720703125,,,,,,,,,,,,,,,,0.0,,1.0,10136.0,,,,,,,,,,,,,,,,,,,,,,,,,,,,,,,
3420113872,"May 8, 2020, 4:22:21 PM",Morning Run,Run,,5803,16.13,,,false,,activities/3420113872.gpx,70.30680084228516,,5803.0,5338.0,16131.7998046875,5.699999809265137,3.0220682621002197,86.50366973876953,86.60369873046875,22.700000762939453,84.9000015258789,6.300000190734863,-0.0006198936025612056,,,,,,,,,1400.47509765625,,,,,,,,,,,,,,,,0.0,,1.0,16212.099609375,,,,,,,,,,,,,,,,,,,,,,,,,,,,,,,
3427513514,"May 10, 2020, 1:59:26 AM",Evening Run,Run,,4011,8.97,,,false,,activities/3427513514.gpx,70.30680084228516,,4011.0,3342.0,8977.900390625,4.800000190734863,2.6863853931427,20.36514663696289,19.365100860595703,21.600000381469727,28.100000381469727,3.299999952316284,0.011138462461531162,,,,,,,,,776.7440185546875,,,,,,,,,,,,,,,,0.0,,1.0,8991.7001953125,,,,,,,,,,,,,,,,,,,,,,,,,,,,,,,
3447916915,"May 14, 2020, 2:30:29 AM",study break,Run,,7725,6.04,,,false,,activities/3447916915.gpx,70.30680084228516,,7725.0,2211.0,6039.2001953125,4.099999904632568,2.731433629989624,30.444231033325195,30.44420051574707,22.799999237060547,34.70000076293945,6.699999809265137,0.0,,,,,,,,,524.8898315429688,,,,,,,,,,,,,,,,0.0,,1.0,6076.2001953125,,,,,,,,,,,,,,,,,,,,,,,,,,,,,,,
3457836780,"May 16, 2020, 3:57:41 AM",Evening Run,Run,,2795,7.24,,,false,,activities/3457836780.gpx,70.30680084228516,,2795.0,2451.0,7248.5,5.199999809265137,2.957364320755005,34.21282196044922,34.11280059814453,15.0,40.0,6.599999904632568,0.0013795958366245031,,,,,,,,,629.5447387695312,,,,,,,,,,,,,,,,0.0,,1.0,7287.7001953125,,,,,,,,,,,,,,,,,,,,,,,,,,,,,,,
3462643932,"May 16, 2020, 7:32:05 PM",Lunch Run,Run,,5673,16.09,,,false,,activities/3462643932.gpx,70.30680084228516,,5673.0,4640.0,16092.599609375,5.699999809265137,3.4682328701019287,91.3603286743164,90.36029815673828,22.700000762939453,84.5999984741211,14.699999809265137,0.006214036140590906,,,,,,,,,1400.1036376953125,,,,,,,,,,,,,,,,0.0,,1.0,16207.7998046875,,,,,,,,,,,,,,,,,,,,,,,,,,,,,,,
3469553622,"May 18, 2020, 12:38:46 AM",Afternoon Run,Run,,1987,3.50,,,false,,activities/3469553622.gpx,70.30680084228516,,1987.0,1284.0,3502.0,3.9000000953674316,2.72741436958313,10.657142639160156,11.45714282989502,15.0,26.0,4.0,-0.022844089195132256,,,,,,,,,303.39984130859375,,,,,,,,,,,,,,,,0.0,,1.0,3512.199951171875,,,,,,,,,,,,,,,,,,,,,,,,,,,,,,,
3474785623,"May 19, 2020, 2:49:07 AM",running on a full stomach is not the move ,Run,,4351,5.60,,,false,,activities/3474785623.gpx,70.30680084228516,,4351.0,2180.0,5603.2001953125,4.099999904632568,2.57027530670166,29.0181827545166,28.41819953918457,22.799999237060547,34.70000076293945,6.5,0.010708167217671871,,,,,,,,,487.2002868652344,,,,,,,,,,,,,,,,0.0,,1.0,5639.89990234375,,,,,,,,,,,,,,,,,,,,,,,,,,,,,,,
3523471375,"May 28, 2020, 2:05:08 AM",Evening Run,Run,,3316,8.60,,,false,,activities/3523471375.gpx,,,3316.0,2878.0,8601.7998046875,8.100000381469727,2.988811731338501,57.763187408447266,57.76319885253906,22.799999237060547,76.0999984741211,6.599999904632568,0.0,,,,,,,,,748.6949462890625,,,,,,,,,,,,,,,,0.0,,1.0,8667.0,,,,,,,,,,,,,,,,,,,,,,,,,,,,,,,
3528762588,"May 29, 2020, 2:34:10 AM",-> alum rock ,Run,,3968,11.13,,,false,,activities/3528762588.gpx,,,3968.0,3436.0,11131.400390625,5.699999809265137,3.2396390438079834,80.40190124511719,40.00189971923828,22.799999237060547,84.9000015258789,6.099999904632568,0.3629372715950012,,,,,,,,,973.977294921875,,,,,,,,,,,,,,,,0.0,,1.0,11274.900390625,,,,,,,,,,,,,,,,,,,,,,,,,,,,,,,
3528769829,"May 29, 2020, 3:41:09 AM",cool down ,Run,,286,0.78,,,false,,activities/3528769829.gpx,,,286.0,286.0,786.2000122070312,3.4000000953674316,2.748950958251953,0.0,0.0,61.5,61.5,0.0,0.0,,,,,,,,,67.91554260253906,,,,,,,,,,,,,,,,0.0,,1.0,786.2000122070312,,,,,,,,,,,,,,,,,,,,,,,,,,,,,,,
3544707131,"May 31, 2020, 9:31:50 PM",Afternoon Run,Run,,5326,16.11,,,false,,activities/3544707131.gpx,,,5326.0,4980.0,16114.0,5.0,3.2357430458068848,86.89225769042969,86.39230346679688,22.799999237060547,84.9000015258789,6.099999904632568,0.003102891845628619,,,,,,,,,1399.0670166015625,,,,,,,,,,,,,,,,0.0,,1.0,16195.7998046875,,,,,,,,,,,,,,,,,,,,,,,,,,,,,,,
3579986644,"Jun 7, 2020, 6:17:22 PM",Lunch Run,Run,,6348,9.53,,,false,,activities/3579986644.gpx,,,6348.0,3512.0,9531.7998046875,5.900000095367432,2.7140660285949707,26.36194610595703,26.061946868896484,21.700000762939453,37.0,7.0,0.003147359471768141,,,,,,,,,825.5167846679688,,,,,,,,,,,,,,,,0.0,,1.0,9556.2998046875,,,,,,,,,,,,,,,,,,,,,,,,,,,,,,,
3584902338,"Jun 8, 2020, 8:30:25 PM",Afternoon Run,Run,,2661,6.33,,,false,,activities/3584902338.gpx,,,2661.0,2173.0,6332.89990234375,5.699999809265137,2.914358139038086,16.698589324951172,18.2985897064209,18.399999618530273,33.79999923706055,12.5,-0.025264887139201164,,,,,,,,,550.8743286132812,,,,,,,,,,,,,,,,0.0,,1.0,6377.0,,,,,,,,,,,,,,,,,,,,,,,,,,,,,,,
3585370244,"Jun 8, 2020, 11:32:48 PM",Afternoon Run,Run,,1877,5.24,,,false,,activities/3585370244.gpx,,,1877.0,1784.0,5245.2998046875,11.399999618530273,2.940190553665161,17.12097930908203,17.12097930908203,18.600000381469727,33.79999923706055,10.300000190734863,0.0,,,,,,,,,455.94635009765625,,,,,,,,,,,,,,,,0.0,,1.0,5278.10009765625,,,,,,,,,,,,,,,,,,,,,,,,,,,,,,,
3589173575,"Jun 9, 2020, 4:35:27 PM",Morning Run,Run,,5268,15.05,,,false,,activities/3589173575.gpx,,,5268.0,4973.0,15056.5,15.199999809265137,3.027649402618408,85.53375244140625,86.33375549316406,22.700000762939453,88.9000015258789,19.700000762939453,-0.005313319619745016,,,,,,,,,1310.445068359375,,,,,,,,,,,,,,,,0.0,,1.0,15169.900390625,,,,,,,,,,,,,,,,,,,,,,,,,,,,,,,
3676398517,"Jun 15, 2020, 9:47:31 PM",Afternoon Run,Run,,971369,3.60,,,false,,activities/3676398517.gpx,,,971369.0,1241.0,3599.60009765625,4.800000190734863,2.900563955307007,39.653846740722656,-0.2461538463830948,22.799999237060547,62.70000076293945,6.699999809265137,1.1084564924240112,,,,,,,,,320.62493896484375,,,,,,,,,,,,,,,,0.0,,1.0,3711.60009765625,,,,,,,,,,,,,,,,,,,,,,,,,,,,,,,
3676444420,"Jun 27, 2020, 3:37:24 AM",cardio break,Run,,1957,6.14,,,false,,activities/3676444420.gpx,,,1957.0,1797.0,6139.0,4.900000095367432,3.4162492752075195,31.282556533813477,31.38255500793457,22.700000762939453,35.400001525878906,6.699999809265137,-0.0016289297491312027,,,,,,,,,533.3641967773438,,,,,,,,,,,,,,,,0.0,,1.0,6174.2998046875,,,,,,,,,,,,,,,,,,,,,,,,,,,,,,,
3681282517,"Jun 28, 2020, 3:41:26 AM",slowly shaving down time,Run,,1964,6.38,,,false,,activities/3681282517.gpx,,,1964.0,1813.0,6383.89990234375,5.0,3.5211803913116455,31.427289962768555,31.427289962768555,22.700000762939453,35.400001525878906,6.800000190734863,0.0,,,,,,,,,554.5025024414062,,,,,,,,,,,,,,,,0.0,,1.0,6419.0,,,,,,,,,,,,,,,,,,,,,,,,,,,,,,,
3700960334,"Jul 2, 2020, 3:18:37 AM",Evening Run,Run,,3707,9.71,,,false,,activities/3700960334.gpx,,,3707.0,3169.0,9716.7998046875,4.5,3.0662038326263428,81.29376983642578,80.79376983642578,36.79999923706055,66.69999694824219,7.0,0.005145727191120386,,,,,,,,,847.8731079101562,,,,,,,,,,,,,,,,0.0,,1.0,9815.099609375,,,,,,,,,,,,,,,,,,,,,,,,,,,,,,,
3730050759,"Jul 8, 2020, 3:51:06 AM",track workout,Run,"90 sprint, 90 walk, 60 sprint, 60 walk, 30 sprint, 30 walk, 10 sprint, 10 walk ",566,1.06,,,false,,activities/3730050759.gpx,,,566.0,192.0,1066.0999755859375,8.100000381469727,5.5526041984558105,0.0,-0.10000000149011612,33.099998474121094,33.599998474121094,2.0999999046325684,0.009379982948303223,,,,,,,,,92.16368865966797,,,,,,,,,,,,,,,,0.0,,1.0,1066.9000244140625,,,,,,,,,,,,,,,,,,,,,,,,,,,,,,,
3764135669,"Jul 15, 2020, 1:25:01 AM",Evening Run,Run,,5812,16.25,,,false,,activities/3764135669.gpx,,,5812.0,5390.0,16254.5,4.400000095367432,3.0156772136688232,94.9720687866211,94.17207336425781,22.700000762939453,91.0999984741211,7.099999904632568,0.0049217138439416885,,,,,,,,,1413.147705078125,,,,,,,,,,,,,,,,0.0,,1.0,16358.7998046875,,,,,,,,,,,,,,,,,,,,,,,,,,,,,,,
4094629560,"Sep 20, 2020, 11:45:15 PM",Afternoon Run,Run,,3977,9.24,,,false,,activities/4094629560.gpx,,,3977.0,3303.0,9243.900390625,9.0,2.798637628555298,159.3520050048828,144.7519989013672,84.5,237.6999969482422,48.900001525878906,0.157941997051239,,,,,,,,,839.6751708984375,,,,,,,,,,,,,,,,0.0,,1.0,9720.2001953125,,,,,,,,,,,,,,,,,,,,,,,,,,,,,,,
4097315628,"Sep 22, 2020, 3:19:30 PM",Morning Run,Run,,3127,8.64,,,false,,activities/4097315628.gpx,,,3127.0,3042.0,8642.7001953125,4.300000190734863,2.8411242961883545,189.0904998779297,189.5904998779297,81.30000305175781,235.89999389648438,19.5,-0.005785229150205851,,,,,,,,,789.0106201171875,,,,,,,,,,,,,,,,0.0,,1.0,9133.7001953125,,,,,,,,,,,,,,,,,,,,,,,,,,,,,,,
4104166034,"Sep 24, 2020, 12:45:49 AM",Afternoon Run,Run,,1516,5.35,,,false,,activities/4104166034.gpx,,,1516.0,1516.0,5350.0,4.599999904632568,3.5290236473083496,0.0,0.800000011920929,2.4000000953674316,4.300000190734863,2.0,-0.014953271485865116,,,,,,,,,462.29559326171875,,,,,,,,,,,,,,,,0.0,,1.0,5351.60009765625,,,,,,,,,,,,,,,,,,,,,,,,,,,,,,,
4117034373,"Sep 26, 2020, 5:11:50 PM",Morning Run,Run,,2873,7.79,,,false,,activities/4117034373.gpx,,,2873.0,2652.0,7794.2001953125,4.400000095367432,2.9389894008636475,107.30494689941406,107.50494384765625,81.4000015258789,190.0,15.800000190734863,-0.0025660106912255287,,,,,,,,,687.2669067382812,,,,,,,,,,,,,,,,0.0,,1.0,7955.89990234375,,,,,,,,,,,,,,,,,,,,,,,,,,,,,,,
4125544724,"Sep 28, 2020, 4:19:45 PM",Morning Run,Run,,3103,8.42,,,false,,activities/4125544724.gpx,,,3103.0,3097.0,8424.7001953125,4.199999809265137,2.720277786254883,171.52908325195312,172.32908630371094,62.20000076293945,214.60000610351562,16.0,-0.009495886974036694,,,,,,,,,779.1541748046875,,,,,,,,,,,,,,,,0.0,,1.0,9019.599609375,,,,,,,,,,,,,,,,,,,,,,,,,,,,,,,
4131032046,"Sep 30, 2020, 2:16:47 AM",Evening Run,Run,,2277,5.79,,,false,,activities/4131032046.gpx,,,2277.0,2091.0,5798.10009765625,4.900000095367432,2.772883892059326,3.5833332538604736,1.3833333253860474,1.2999999523162842,5.099999904632568,5.599999904632568,0.037943463772535324,,,,,,,,,502.20526123046875,,,,,,,,,,,,,,,,0.0,,1.0,5813.60009765625,,,,,,,,,,,,,,,,,,,,,,,,,,,,,,,
4134407801,"Sep 30, 2020, 7:31:37 PM",Lunch Run,Run,,3642,10.03,,,false,,activities/4134407801.gpx,,,3642.0,3600.0,10030.7998046875,4.5,2.7863333225250244,148.99465942382812,139.29466247558594,81.4000015258789,175.3000030517578,19.899999618530273,0.09670215845108032,,,,,,,,,893.8037719726562,,,,,,,,,,,,,,,,0.0,,1.0,10346.7998046875,,,,,,,,,,,,,,,,,,,,,,,,,,,,,,,
4152838763,"Oct 5, 2020, 2:07:01 AM",Evening Run,Run,,3080,8.24,,,false,,activities/4152838763.gpx,,,3080.0,2889.0,8245.2001953125,5.699999809265137,2.8539979457855225,62.976924896240234,63.27692413330078,62.20000076293945,108.4000015258789,24.100000381469727,-0.003638480557128787,,,,,,,,,724.5591430664062,,,,,,,,,,,,,,,,0.0,,1.0,8387.599609375,,,,,,,,,,,,,,,,,,,,,,,,,,,,,,,
4216259795,"Oct 19, 2020, 2:35:16 PM",Morning Run,Run,,4797,12.78,,,false,,activities/4216259795.gpx,,,4797.0,4707.0,12786.099609375,4.599999904632568,2.7164011001586914,67.0227279663086,68.0227279663086,22.700000762939453,77.5,8.5,-0.007820992730557919,,,,,,,,,1112.2271728515625,,,,,,,,,,,,,,,,0.0,,1.0,12875.2998046875,,,,,,,,,,,,,,,,,,,,,,,,,,,,,,,
4225826535,"Oct 21, 2020, 4:49:24 PM",first run with little brother (strava kinda glitched out),Run,"",3075,5.22,,,false,,activities/4225826535.gpx,,,3075.0,2410.0,5219.60009765625,3.0999999046325684,2.165809154510498,84.48153686523438,14.781499862670898,22.700000762939453,169.1999969482422,14.0,1.3353513479232788,,,,,,,,,458.8747863769531,,,,,,,,,,,,,,0.0,,0.0,,1.0,5312.0,,,,,,,,,,,,,,,,,,,,,,,,,,,,,,,
4239627706,"Oct 25, 2020, 3:46:33 AM",first day in riv,Run,,2073,5.91,,,false,,activities/4239627706.gpx,,,2073.0,2020.0,5909.39990234375,4.099999904632568,2.925445556640625,47.817481994628906,47.01748275756836,314.8999938964844,349.20001220703125,10.5,0.013537753373384476,,,,,,,,,515.6985473632812,,,,,,,,,,,,,,,,0.0,,1.0,5969.7998046875,,,,,,,,,,,,,,,,,,,,,,,,,,,,,,,
4264868391,"Oct 31, 2020, 7:18:30 AM",Night Run,Run,,1810,4.24,,,false,,activities/4264868391.gpx,,,1810.0,1748.0,4247.89990234375,4.0,2.4301488399505615,45.58534622192383,45.88534927368164,326.5,349.29998779296875,6.0,-0.00706231314688921,,,,,,,,,371.635009765625,,,,,,,,,,,,,,,,0.0,,1.0,4302.10009765625,,,,,,,,,,,,,,,,,,,,,,,,,,,,,,,
4264877462,"Oct 30, 2020, 1:55:55 AM",Evening Run,Run,,1015,2.41,,,false,,activities/4264877462.gpx,,,1015.0,783.0,2413.60009765625,4.5,3.082503080368042,10.16976261138916,9.869762420654297,276.6000061035156,280.3999938964844,15.600000381469727,0.012429566122591496,,,,,,,,,209.19747924804688,,,,,,,,,,,,,,,,0.0,,1.0,2421.699951171875,,,,,,,,,,,,,,,,,,,,,,,,,,,,,,,
4366422501,"Nov 20, 2020, 9:45:48 PM",Afternoon Run,Run,,2446,3.25,,,false,,activities/4366422501.gpx,,,2446.0,1166.0,3254.5,4.5,2.791166305541992,53.4327507019043,52.3327522277832,313.6000061035156,349.29998779296875,15.899999618530273,0.03379935398697853,,,,,,,,,285.8378601074219,,,,,,,,,,,,,,,,0.0,,1.0,3308.89990234375,,,,,,,,,,,,,,,,,,,,,,,,,,,,,,,
4399833392,"Nov 28, 2020, 1:02:36 AM",Afternoon Run,Run,,1714,4.51,,,false,,activities/4399833392.gpx,,,1714.0,1628.0,4518.10009765625,4.400000095367432,2.7752456665039062,24.594173431396484,23.89417266845703,22.700000762939453,34.400001525878906,5.900000095367432,0.015493238344788551,,,,,,,,,393.0583801269531,,,,,,,,,,,,,,,,0.0,,1.0,4550.10009765625,,,,,,,,,,,,,,,,,,,,,,,,,,,,,,,
4403616576,"Nov 28, 2020, 5:02:47 PM",mgmt - electric feel,Run,,5814,16.17,,,false,,activities/4403616576.gpx,,,5814.0,5491.0,16174.400390625,4.900000095367432,2.945620059967041,94.31908416748047,94.31908416748047,22.600000381469727,90.0999984741211,6.099999904632568,0.0,,,,,,,,,1405.12255859375,,,,,,,,,,,,,,,,0.0,,1.0,16265.900390625,,,,,,,,,,,,,,,,,,,,,,,,,,,,,,,
4531620778,"Dec 28, 2020, 9:34:13 PM",Afternoon Run,Run,,3978,10.68,,,false,,activities/4531620778.gpx,,,3978.0,3854.0,10682.2998046875,7.300000190734863,2.7717435359954834,97.01022338867188,97.21022033691406,314.8999938964844,349.5,9.800000190734863,-0.0018722559325397015,,,,,,,,,935.3374633789062,,,,,,,,,,,,,,,,0.0,,1.0,10827.599609375,,,,,,,,,,,,,,,,,,,,,,,,,,,,,,,
4551959651,"Jan 2, 2021, 3:24:49 AM",Evening Run,Run,,3703,6.46,,,false,,activities/4551959651.gpx,,,3703.0,2649.0,6464.58984375,5.099999904632568,2.4403889179229736,0.0,-0.30000001192092896,48.29999923706055,48.70000076293945,0.8999999761581421,0.004640658386051655,,,,,,,,,558.579833984375,,,,,,,,,,,,,,,,0.0,,1.0,6466.2001953125,,,,,,,,,,,,,,,,,,,,,,,,,,,,,,,
4574508735,"Jan 5, 2021, 1:00:21 AM",Afternoon Run,Run,,2860,1.94,,,false,,activities/4574508735.gpx,,,2860.0,599.0,1941.950439453125,7.199999809265137,3.2419872283935547,0.0,-0.30000001192092896,48.29999923706055,48.70000076293945,0.699999988079071,0.015551293268799782,,,,,,,,,166.70492553710938,,,,,,,,,,,,,,,,0.0,,1.0,1929.800048828125,,,,,,,,,,,,,,,,,,,,,,,,,,,,,,,
4579650980,"Jan 7, 2021, 12:17:47 AM",track ,Run,2 x 1000,1233,2.05,,,false,,activities/4579650980.gpx,,,1233.0,459.0,2049.10009765625,7.800000190734863,4.464270114898682,0.0,-0.20000000298023224,48.29999923706055,48.599998474121094,0.699999988079071,0.00976038258522749,,,,,,,,,177.0624237060547,,,,,,,,,,,,,,0.0,,0.0,,1.0,2049.699951171875,,,,,,,,,,,,,,,,,,,,,,,,,,,,,,,
4588879735,"Jan 7, 2021, 11:09:45 PM",Afternoon Run,Run,,562,1.59,,,false,,activities/4588879735.gpx,,,562.0,409.0,1598.9000244140625,5.199999809265137,3.9092910289764404,0.0,-0.4000000059604645,48.400001525878906,48.79999923706055,3.200000047683716,0.02501720003783703,,,,,,,,,138.2412109375,,,,,,,,,,,,,,,,0.0,,1.0,1600.300048828125,,,,,,,,,,,,,,,,,,,,,,,,,,,,,,,
4594475521,"Jan 8, 2021, 6:14:01 PM",Morning Run,Run,,5688,16.24,,,false,,activities/4594475521.gpx,,,5688.0,5255.0,16242.2001953125,4.300000190734863,3.090808868408203,94.36946105957031,94.36946105957031,22.600000381469727,90.69999694824219,6.300000190734863,0.0,,,,,,,,,1411.1435546875,,,,,,,,,,,,,,,,0.0,,1.0,16335.599609375,,,,,,,,,,,,,,,,,,,,,,,,,,,,,,,
4605177330,"Jan 11, 2021, 5:58:13 PM",Morning Run,Run,,5529,16.14,,,false,,activities/4605177330.gpx,,,5529.0,5382.0,16142.0,5.599999904632568,2.9992568492889404,96.1783218383789,95.3783187866211,22.700000762939453,89.9000015258789,6.199999809265137,0.004956015385687351,,,,,,,,,1402.54833984375,,,,,,,,,,,,,,,,0.0,,1.0,16236.099609375,,,,,,,,,,,,,,,,,,,,,,,,,,,,,,,
4617185309,"Jan 14, 2021, 12:33:04 AM",Afternoon Run,Run,,2975,8.26,,,false,,activities/4617185309.gpx,,,2975.0,2682.0,8268.5,5.400000095367432,3.082960367202759,0.0,0.0,53.400001525878906,55.5,8.699999809265137,0.0,,,,,,,,,715.1173095703125,,,,,,,,,,,,,,,,0.0,,1.0,8278.2998046875,,,,,,,,,,,,,,,,,,,,,,,,,,,,,,,
4622316741,"Jan 15, 2021, 1:32:19 AM",Afternoon Run,Run,,2635,6.51,,,false,,activities/4622316741.gpx,,,2635.0,2185.0,6514.89990234375,4.099999904632568,2.981647491455078,6.52738094329834,6.52738094329834,1.100000023841858,4.900000095367432,5.300000190734863,0.0,,,,,,,,,563.97021484375,,,,,,,,,,,,,,,,0.0,,1.0,6528.60009765625,,,,,,,,,,,,,,,,,,,,,,,,,,,,,,,
4814613979,"Feb 20, 2021, 12:43:19 AM",warm up,Run,,662,1.77,,,false,,activities/4814613979.gpx,,,662.0,657.0,1771.4000244140625,7.099999904632568,2.696194887161255,20.63901138305664,20.939010620117188,348.8999938964844,370.3999938964844,5.300000190734863,-0.01693575643002987,,,,,,,,,154.7061004638672,,,,,,,,,,,,,,,,0.0,,1.0,1790.9000244140625,,,,,,,,,,,,,,,,,,,,,,,,,,,,,,,
4814749393,"Feb 20, 2021, 12:57:10 AM",Afternoon Run,Run,,3066,8.12,,,false,,activities/4814749393.gpx,,,3066.0,3024.0,8122.7001953125,4.900000095367432,2.6860780715942383,77.71031951904297,77.51032257080078,320.29998779296875,349.29998779296875,7.699999809265137,0.002462235512211919,,,,,,,,,708.4397583007812,,,,,,,,,,,,,,,,0.0,,1.0,8201.0,,,,,,,,,,,,,,,,,,,,,,,,,,,,,,,
4896582267,"Mar 5, 2021, 10:18:39 PM",Afternoon Run,Run,,1183,3.24,,,false,,activities/4896582267.gpx,,,1183.0,1178.0,3239.89990234375,3.799999952316284,2.7503395080566406,31.364744186401367,31.164743423461914,320.6000061035156,349.5,4.300000190734863,0.006173030007630587,,,,,,,,,282.8489685058594,,,,,,,,,,,,,,,,0.0,,1.0,3274.300048828125,,,,,,,,,,,,,,,,,,,,,,,,,,,,,,,
5029185994,"Mar 29, 2021, 2:11:09 AM",Evening Run,Run,,2922,7.28,,,false,,activities/5029185994.gpx,,,2922.0,2330.0,7279.60009765625,5.800000190734863,3.1242918968200684,0.0,-1.0,48.400001525878906,49.5,1.2000000476837158,0.013737018220126629,,,,,,,,,629.1128540039062,,,,,,,,,,,,,,,,0.0,,1.0,7282.7001953125,,,,,,,,,,,,,,,,,,,,,,,,,,,,,,,
5041132568,"Mar 30, 2021, 11:06:38 PM",Afternoon Run,Run,,2183,2.24,,,false,,activities/5041132568.gpx,,,2183.0,723.0,2240.9521484375,8.399999618530273,3.0995190143585205,0.0,-0.10000000149011612,48.29999923706055,48.79999923706055,0.5,0.004462293814867735,,,,,,,,,193.61370849609375,,,,,,,,,,,,,,,,0.0,,1.0,2241.300048828125,,,,,,,,,,,,,,,,,,,,,,,,,,,,,,,
5201936599,"Apr 3, 2021, 1:20:43 AM",Evening Run,Run,,1971,1.18,,,false,,activities/5201936599.gpx,,,1971.0,354.0,1188.7105712890625,6.5,3.3579394817352295,83.1933364868164,32.2933349609375,89.69999694824219,159.5,26.799999237060547,4.342262268066406,,,,,,,,,141.99893188476562,,,,,,,,,,,,,,,,0.0,,1.0,1643.800048828125,,,,,,,,,,,,,,,,,,,,,,,,,,,,,,,
5202275621,"Apr 27, 2021, 3:54:44 PM",Morning Run,Run,,1166,3.09,,,false,,activities/5202275621.gpx,,,1166.0,1012.0,3097.0,9.100000381469727,3.060276746749878,28.36153793334961,29.16153907775879,332.70001220703125,349.70001220703125,4.800000190734863,-0.025831449776887894,,,,,,,,,269.5630187988281,,,,,,,,,,,,,,,,0.0,,1.0,3120.5,,,,,,,,,,,,,,,,,,,,,,,,,,,,,,,
5880092651,"Aug 23, 2021, 10:45:23 PM",Afternoon Run,Run,,1490,3.39,,,false,,activities/5880092651.gpx,,,1490.0,1476.0,3390.39990234375,3.5999999046325684,2.2970190048217773,51.2550163269043,48.95501708984375,89.9000015258789,143.0,32.900001525878906,0.06783860176801682,,,,,,,,,303.47760009765625,,,,,,,,,,,,,,,,0.0,,1.0,3513.10009765625,,,,,,,,,,,,,,,,,,,,,,,,,,,2.2754361629486084,,,,
